meetpunt;datum;naam;waarde
KRW_BA_01;2022-06-28;Alboglossiphonia heteroclita;1
KRW_BA_01;2022-06-28;Arrenurus crassicaudatus;29
KRW_BA_01;2022-06-28;Arrenurus globator;4
KRW_BA_01;2022-06-28;Arrenurus latus;69
KRW_BA_01;2022-06-28;Arrenurus sinuator;25
KRW_BA_01;2022-06-28;Asellus aquaticus;1
KRW_BA_01;2022-06-28;Bithynia tentaculata;18
KRW_BA_01;2022-06-28;Branchiodrilus hortensis;16
KRW_BA_01;2022-06-28;Caenis horaria;4
KRW_BA_01;2022-06-28;Caenis robusta;2
KRW_BA_01;2022-06-28;Cloeon dipterum;1
KRW_BA_01;2022-06-28;Dero digitata;1
KRW_BA_01;2022-06-28;Dero dorsalis;1
KRW_BA_01;2022-06-28;Dicrotendipes nervosus;2
KRW_BA_01;2022-06-28;Endochironomus tendens;1
KRW_BA_01;2022-06-28;Forelia liliacea;2
KRW_BA_01;2022-06-28;Gerris argentatus;2
KRW_BA_01;2022-06-28;Glyptotendipes paripes;18
KRW_BA_01;2022-06-28;Helobdella stagnalis;1
KRW_BA_01;2022-06-28;Hippeutis complanatus;9
KRW_BA_01;2022-06-28;Holocentropus picicornis;3
KRW_BA_01;2022-06-28;Hydrovatus cuspidatus;2
KRW_BA_01;2022-06-28;Hygrotus inaequalis;1
KRW_BA_01;2022-06-28;Hyphydrus ovatus;1
KRW_BA_01;2022-06-28;Ischnura elegans;8
KRW_BA_01;2022-06-28;Limnesia undulata;2
KRW_BA_01;2022-06-28;Limnodrilus claparedianus;1
KRW_BA_01;2022-06-28;Lumbriculus variegatus;1
KRW_BA_01;2022-06-28;Micronecta scholtzi;8
KRW_BA_01;2022-06-28;Musculium lacustre;4
KRW_BA_01;2022-06-28;Notonecta glauca;3
KRW_BA_01;2022-06-28;Oxus ovalis;2
KRW_BA_01;2022-06-28;Physella acuta;24
KRW_BA_01;2022-06-28;Piona imminuta;4
KRW_BA_01;2022-06-28;Piona variabilis;4
KRW_BA_01;2022-06-28;Pisidium milium;1
KRW_BA_01;2022-06-28;Polypedilum nubeculosum;4
KRW_BA_01;2022-06-28;Proasellus coxalis;11
KRW_BA_01;2022-06-28;Quistadrilus multisetosus;1
KRW_BA_01;2022-06-28;Ranatra linearis;1
KRW_BA_01;2022-06-28;Sialis lutaria;1
KRW_BA_01;2022-06-28;Sigara falleni;1
KRW_BA_01;2022-06-28;Sigara striata;3
KRW_BA_01;2022-06-28;Tanypus kraatzi;8
KRW_BA_01;2022-06-28;Tanytarsus usmaensis;1
KRW_BA_01;2022-06-28;Triaenodes bicolor;1
KRW_BA_01;2022-06-28;Unionicola crassipes;65
KRW_BA_01;2022-06-28;Unionicola minor;13
KRW_BA_01;2022-06-28;Valvata cristata;10
KRW_BA_02;2022-06-28;Ablabesmyia longistyla;48
KRW_BA_02;2022-06-28;Acroloxus lacustris;3
KRW_BA_02;2022-06-28;Alboglossiphonia heteroclita;7
KRW_BA_02;2022-06-28;Anisus vortex;11
KRW_BA_02;2022-06-28;Anisus vorticulus;32
KRW_BA_02;2022-06-28;Arrenurus globator;63
KRW_BA_02;2022-06-28;Arrenurus latus;273
KRW_BA_02;2022-06-28;Arrenurus sinuator;304
KRW_BA_02;2022-06-28;Bithynia tentaculata;37
KRW_BA_02;2022-06-28;Branchiodrilus hortensis;9
KRW_BA_02;2022-06-28;Caenis horaria;8
KRW_BA_02;2022-06-28;Caenis robusta;80
KRW_BA_02;2022-06-28;Cymatia coleoptrata;1
KRW_BA_02;2022-06-28;Dero digitata;1
KRW_BA_02;2022-06-28;Dero dorsalis;3
KRW_BA_02;2022-06-28;Endochironomus albipennis;32
KRW_BA_02;2022-06-28;Endochironomus tendens;5
KRW_BA_02;2022-06-28;Ferrissia californica;13
KRW_BA_02;2022-06-28;Forelia liliacea;10
KRW_BA_02;2022-06-28;Glyptotendipes signatus;5
KRW_BA_02;2022-06-28;Gyraulus albus;8
KRW_BA_02;2022-06-28;Haemonais waldvogeli;2
KRW_BA_02;2022-06-28;Helobdella stagnalis;1
KRW_BA_02;2022-06-28;Helophorus brevipalpis;1
KRW_BA_02;2022-06-28;Hippeutis complanatus;83
KRW_BA_02;2022-06-28;Holocentropus picicornis;7
KRW_BA_02;2022-06-28;Hydrovatus cuspidatus;1
KRW_BA_02;2022-06-28;Ilyocoris cimicoides;14
KRW_BA_02;2022-06-28;Ischnura elegans;7
KRW_BA_02;2022-06-28;Limnesia fulgida;10
KRW_BA_02;2022-06-28;Limnesia undulata;147
KRW_BA_02;2022-06-28;Lumbriculus variegatus;4
KRW_BA_02;2022-06-28;Micronecta scholtzi;4
KRW_BA_02;2022-06-28;Musculium lacustre;3
KRW_BA_02;2022-06-28;Mystacides longicornis;1
KRW_BA_02;2022-06-28;Noterus crassicornis;2
KRW_BA_02;2022-06-28;Parachironomus frequens;5
KRW_BA_02;2022-06-28;Parachironomus gracilior;5
KRW_BA_02;2022-06-28;Paramerina cingulata;11
KRW_BA_02;2022-06-28;Phaenopsectra flavipes;5
KRW_BA_02;2022-06-28;Physa fontinalis;5
KRW_BA_02;2022-06-28;Physella acuta;27
KRW_BA_02;2022-06-28;Pisidium milium;1
KRW_BA_02;2022-06-28;Pisidium nitidum;1
KRW_BA_02;2022-06-28;Pisidium pseudosphaerium;3
KRW_BA_02;2022-06-28;Planorbarius corneus;5
KRW_BA_02;2022-06-28;Polypedilum nubeculosum;37
KRW_BA_02;2022-06-28;Polypedilum sordens;133
KRW_BA_02;2022-06-28;Sialis lutaria;5
KRW_BA_02;2022-06-28;Triaenodes bicolor;6
KRW_BA_02;2022-06-28;Tricholeiochiton fagesii;2
KRW_BA_02;2022-06-28;Unionicola crassipes;200
KRW_BA_02;2022-06-28;Valvata cristata;48
KRW_BA_02;2022-06-28;Zavreliella marmorata;21
KRW_BA_03;2022-06-28;Argulus foliaceus;2
KRW_BA_03;2022-06-28;Arrenurus latus;1
KRW_BA_03;2022-06-28;Arrenurus sinuator;1
KRW_BA_03;2022-06-28;Caenis horaria;6
KRW_BA_03;2022-06-28;Chelicorophium curvispinum;11
KRW_BA_03;2022-06-28;Cybister lateralimarginalis;1
KRW_BA_03;2022-06-28;Dikerogammarus villosus;10
KRW_BA_03;2022-06-28;Echinogammarus ischnus;1
KRW_BA_03;2022-06-28;Echinogammarus trichiatus;1
KRW_BA_03;2022-06-28;Endochironomus albipennis;171
KRW_BA_03;2022-06-28;Endochironomus tendens;19
KRW_BA_03;2022-06-28;Glyptotendipes paripes;8
KRW_BA_03;2022-06-28;Helobdella stagnalis;1
KRW_BA_03;2022-06-28;Hypania invalida;1
KRW_BA_03;2022-06-28;Ilyocoris cimicoides;7
KRW_BA_03;2022-06-28;Ischnura elegans;9
KRW_BA_03;2022-06-28;Kiefferulus tendipediformis;8
KRW_BA_03;2022-06-28;Laccobius bipunctatus;1
KRW_BA_03;2022-06-28;Limnesia marmorata;3
KRW_BA_03;2022-06-28;Limnomysis benedeni;11
KRW_BA_03;2022-06-28;Micronecta scholtzi;60
KRW_BA_03;2022-06-28;Mystacides longicornis;3
KRW_BA_03;2022-06-28;Phaenopsectra flavipes;15
KRW_BA_03;2022-06-28;Physella acuta;8
KRW_BA_03;2022-06-28;Pisidium henslowanum;1
KRW_BA_03;2022-06-28;Pisidium subtruncatum;2
KRW_BA_03;2022-06-28;Pisidium supinum;3
KRW_BA_03;2022-06-28;Polypedilum nubeculosum;19
KRW_BA_03;2022-06-28;Polypedilum sordens;27
KRW_BA_03;2022-06-28;Proasellus coxalis;1
KRW_BA_03;2022-06-28;Sigara iactans;7
KRW_BA_03;2022-06-28;Sigara striata;17
KRW_BA_03;2022-06-28;Synendotendipes dispar;4
KRW_DHS_01;2022-06-28;Acroloxus lacustris;25
KRW_DHS_01;2022-06-28;Arrenurus sinuator;2
KRW_DHS_01;2022-06-28;Caenis robusta;1
KRW_DHS_01;2022-06-28;Chaoborus flavicans;1
KRW_DHS_01;2022-06-28;Cloeon dipterum;7
KRW_DHS_01;2022-06-28;Crangonyx pseudogracilis;144
KRW_DHS_01;2022-06-28;Cybister lateralimarginalis;1
KRW_DHS_01;2022-06-28;Ferrissia californica;19
KRW_DHS_01;2022-06-28;Gerris argentatus;2
KRW_DHS_01;2022-06-28;Gerris lacustris;1
KRW_DHS_01;2022-06-28;Ilyocoris cimicoides;1
KRW_DHS_01;2022-06-28;Ischnura elegans;1
KRW_DHS_01;2022-06-28;Limnodrilus hoffmeisteri;4
KRW_DHS_01;2022-06-28;Notonecta glauca;1
KRW_DHS_01;2022-06-28;Paratanytarsus tenellulus;3
KRW_DHS_01;2022-06-28;Phaenopsectra flavipes;1
KRW_DHS_01;2022-06-28;Physella acuta;95
KRW_DHS_01;2022-06-28;Piona imminuta;2
KRW_DHS_01;2022-06-28;Piona variabilis;2
KRW_DHS_01;2022-06-28;Polypedilum sordens;4
KRW_DHS_01;2022-06-28;Potamothrix hammoniensis;1
KRW_DHS_01;2022-06-28;Psectrotanypus varius;16
KRW_DHS_01;2022-06-28;Sialis lutaria;4
KRW_DHS_01;2022-06-28;Sigara falleni;4
KRW_DHS_01;2022-06-28;Sigara striata;46
KRW_DHS_01;2022-06-28;Tanypus kraatzi;38
KRW_DHS_01;2022-06-28;Unionicola crassipes;230
KRW_DHS_02;2022-06-28;Acroloxus lacustris;13
KRW_DHS_02;2022-06-28;Arrenurus crassicaudatus;1
KRW_DHS_02;2022-06-28;Arrenurus latus;3
KRW_DHS_02;2022-06-28;Arrenurus sinuator;3
KRW_DHS_02;2022-06-28;Branchiura sowerbyi;1
KRW_DHS_02;2022-06-28;Cloeon dipterum;19
KRW_DHS_02;2022-06-28;Crangonyx pseudogracilis;15
KRW_DHS_02;2022-06-28;Endochironomus albipennis;2
KRW_DHS_02;2022-06-28;Endochironomus tendens;3
KRW_DHS_02;2022-06-28;Ferrissia californica;3
KRW_DHS_02;2022-06-28;Glyptotendipes barbipes;2
KRW_DHS_02;2022-06-28;Helobdella stagnalis;5
KRW_DHS_02;2022-06-28;Ilyocoris cimicoides;2
KRW_DHS_02;2022-06-28;Ilyodrilus templetoni;2
KRW_DHS_02;2022-06-28;Ischnura elegans;2
KRW_DHS_02;2022-06-28;Kiefferulus tendipediformis;3
KRW_DHS_02;2022-06-28;Limnesia undulata;11
KRW_DHS_02;2022-06-28;Limnodrilus claparedianus;1
KRW_DHS_02;2022-06-28;Limnodrilus hoffmeisteri;3
KRW_DHS_02;2022-06-28;Lumbriculus variegatus;11
KRW_DHS_02;2022-06-28;Musculium lacustre;1
KRW_DHS_02;2022-06-28;Physella acuta;73
KRW_DHS_02;2022-06-28;Piona imminuta;6
KRW_DHS_02;2022-06-28;Piona nodata;2
KRW_DHS_02;2022-06-28;Piona variabilis;2
KRW_DHS_02;2022-06-28;Pisidium nitidum;1
KRW_DHS_02;2022-06-28;Polypedilum nubeculosum;5
KRW_DHS_02;2022-06-28;Proasellus coxalis;19
KRW_DHS_02;2022-06-28;Psectrotanypus varius;17
KRW_DHS_02;2022-06-28;Rhynchelmis limosella;3
KRW_DHS_02;2022-06-28;Sialis lutaria;6
KRW_DHS_02;2022-06-28;Sigara striata;22
KRW_DHS_02;2022-06-28;Tanypus kraatzi;17
KRW_DHS_02;2022-06-28;Tanytarsus usmaensis;2
KRW_DHS_02;2022-06-28;Unionicola crassipes;49
KRW_DHS_04;2022-07-04;Ablabesmyia longistyla;4
KRW_DHS_04;2022-07-04;Acroloxus lacustris;27
KRW_DHS_04;2022-07-04;Argulus foliaceus;2
KRW_DHS_04;2022-07-04;Asellus aquaticus;4
KRW_DHS_04;2022-07-04;Clinotanypus nervosus;6
KRW_DHS_04;2022-07-04;Cloeon dipterum;2
KRW_DHS_04;2022-07-04;Crangonyx pseudogracilis;2
KRW_DHS_04;2022-07-04;Dicrotendipes notatus;4
KRW_DHS_04;2022-07-04;Endochironomus tendens;15
KRW_DHS_04;2022-07-04;Ferrissia californica;34
KRW_DHS_04;2022-07-04;Gammarus pulex;2
KRW_DHS_04;2022-07-04;Gammarus tigrinus;2
KRW_DHS_04;2022-07-04;Gerris lacustris;2
KRW_DHS_04;2022-07-04;Gerris odontogaster;1
KRW_DHS_04;2022-07-04;Glyptotendipes paripes;13
KRW_DHS_04;2022-07-04;Haemonais waldvogeli;1
KRW_DHS_04;2022-07-04;Helobdella stagnalis;3
KRW_DHS_04;2022-07-04;Hippeutis complanatus;2
KRW_DHS_04;2022-07-04;Ilyocoris cimicoides;1
KRW_DHS_04;2022-07-04;Ischnura elegans;9
KRW_DHS_04;2022-07-04;Kiefferulus tendipediformis;19
KRW_DHS_04;2022-07-04;Limnesia undulata;1
KRW_DHS_04;2022-07-04;Limnodrilus claparedianus;5
KRW_DHS_04;2022-07-04;Limnodrilus hoffmeisteri;1
KRW_DHS_04;2022-07-04;Limnomysis benedeni;7
KRW_DHS_04;2022-07-04;Lumbriculus variegatus;1
KRW_DHS_04;2022-07-04;Micronecta scholtzi;2
KRW_DHS_04;2022-07-04;Noterus clavicornis;4
KRW_DHS_04;2022-07-04;Noterus crassicornis;7
KRW_DHS_04;2022-07-04;Notonecta glauca;1
KRW_DHS_04;2022-07-04;Phaenopsectra flavipes;4
KRW_DHS_04;2022-07-04;Physella acuta;252
KRW_DHS_04;2022-07-04;Piona dispersa;1
KRW_DHS_04;2022-07-04;Piona nodata;8
KRW_DHS_04;2022-07-04;Piona pusilla;1
KRW_DHS_04;2022-07-04;Pisidium henslowanum;2
KRW_DHS_04;2022-07-04;Pisidium nitidum;4
KRW_DHS_04;2022-07-04;Pisidium subtruncatum;13
KRW_DHS_04;2022-07-04;Polypedilum nubeculosum;2
KRW_DHS_04;2022-07-04;Polypedilum sordens;2
KRW_DHS_04;2022-07-04;Proasellus coxalis;2
KRW_DHS_04;2022-07-04;Psectrotanypus varius;6
KRW_DHS_04;2022-07-04;Quistadrilus multisetosus;1
KRW_DHS_04;2022-07-04;Sigara falleni;10
KRW_DHS_04;2022-07-04;Sigara striata;19
KRW_DHS_04;2022-07-04;Tanypus kraatzi;6
KRW_DHS_04;2022-07-04;Unionicola crassipes;8
KRW_DHS_04;2022-07-04;Valvata cristata;5
KRW_KGZ_04;2022-06-21;Ablabesmyia longistyla;1
KRW_KGZ_04;2022-06-21;Anatopynia plumipes;2
KRW_KGZ_04;2022-06-21;Arrenurus latus;2
KRW_KGZ_04;2022-06-21;Arrenurus sinuator;1
KRW_KGZ_04;2022-06-21;Aulodrilus japonicus;1
KRW_KGZ_04;2022-06-21;Aulodrilus pigueti;1
KRW_KGZ_04;2022-06-21;Bithynia leachi;1
KRW_KGZ_04;2022-06-21;Caenis horaria;9
KRW_KGZ_04;2022-06-21;Cloeon dipterum;6
KRW_KGZ_04;2022-06-21;Crangonyx pseudogracilis;2
KRW_KGZ_04;2022-06-21;Dendrocoelum lacteum;1
KRW_KGZ_04;2022-06-21;Dero digitata;7
KRW_KGZ_04;2022-06-21;Dero dorsalis;3
KRW_KGZ_04;2022-06-21;Endochironomus tendens;2
KRW_KGZ_04;2022-06-21;Glyptotendipes paripes;2
KRW_KGZ_04;2022-06-21;Haemonais waldvogeli;4
KRW_KGZ_04;2022-06-21;Helobdella stagnalis;1
KRW_KGZ_04;2022-06-21;Hippeutis complanatus;7
KRW_KGZ_04;2022-06-21;Ischnura elegans;15
KRW_KGZ_04;2022-06-21;Musculium lacustre;2
KRW_KGZ_04;2022-06-21;Ophidonais serpentina;1
KRW_KGZ_04;2022-06-21;Physella acuta;32
KRW_KGZ_04;2022-06-21;Piona variabilis;1
KRW_KGZ_04;2022-06-21;Pisidium milium;1
KRW_KGZ_04;2022-06-21;Polypedilum nubeculosum;1
KRW_KGZ_04;2022-06-21;Polypedilum sordens;1
KRW_KGZ_04;2022-06-21;Proasellus coxalis;22
KRW_KGZ_04;2022-06-21;Psectrotanypus varius;2
KRW_KGZ_04;2022-06-21;Sialis lutaria;1
KRW_KGZ_04;2022-06-21;Sigara falleni;11
KRW_KGZ_04;2022-06-21;Sigara striata;37
KRW_KGZ_04;2022-06-21;Stylaria lacustris;1
KRW_KGZ_04;2022-06-21;Tanypus kraatzi;14
KRW_KGZ_04;2022-06-21;Tanytarsus usmaensis;1
KRW_KGZ_04;2022-06-21;Unionicola minor;2
KRW_KGZ_04;2022-06-21;Valvata cristata;4
KRW_KGZ_07;2022-06-21;Ablabesmyia longistyla;3
KRW_KGZ_07;2022-06-21;Acroloxus lacustris;1
KRW_KGZ_07;2022-06-21;Agraylea sexmaculata;1
KRW_KGZ_07;2022-06-21;Anacaena lutescens;1
KRW_KGZ_07;2022-06-21;Argyroneta aquatica;1
KRW_KGZ_07;2022-06-21;Arrenurus globator;1
KRW_KGZ_07;2022-06-21;Arrenurus sinuator;2
KRW_KGZ_07;2022-06-21;Asellus aquaticus;1
KRW_KGZ_07;2022-06-21;Caenis horaria;4
KRW_KGZ_07;2022-06-21;Cloeon dipterum;8
KRW_KGZ_07;2022-06-21;Crangonyx pseudogracilis;1
KRW_KGZ_07;2022-06-21;Endochironomus albipennis;5
KRW_KGZ_07;2022-06-21;Endochironomus tendens;3
KRW_KGZ_07;2022-06-21;Enochrus testaceus;1
KRW_KGZ_07;2022-06-21;Gerris lacustris;1
KRW_KGZ_07;2022-06-21;Graptodytes pictus;3
KRW_KGZ_07;2022-06-21;Haemonais waldvogeli;1
KRW_KGZ_07;2022-06-21;Helobdella stagnalis;1
KRW_KGZ_07;2022-06-21;Helophorus brevipalpis;6
KRW_KGZ_07;2022-06-21;Hippeutis complanatus;1
KRW_KGZ_07;2022-06-21;Holocentropus picicornis;1
KRW_KGZ_07;2022-06-21;Ilyocoris cimicoides;3
KRW_KGZ_07;2022-06-21;Ilyodrilus templetoni;1
KRW_KGZ_07;2022-06-21;Ischnura elegans;50
KRW_KGZ_07;2022-06-21;Kiefferulus tendipediformis;3
KRW_KGZ_07;2022-06-21;Limnodrilus hoffmeisteri;1
KRW_KGZ_07;2022-06-21;Limnomysis benedeni;3
KRW_KGZ_07;2022-06-21;Mesovelia furcata;1
KRW_KGZ_07;2022-06-21;Microvelia reticulata;4
KRW_KGZ_07;2022-06-21;Musculium lacustre;3
KRW_KGZ_07;2022-06-21;Mystacides longicornis;1
KRW_KGZ_07;2022-06-21;Nais barbata;2
KRW_KGZ_07;2022-06-21;Nais christinae;2
KRW_KGZ_07;2022-06-21;Noterus crassicornis;1
KRW_KGZ_07;2022-06-21;Notonecta glauca;1
KRW_KGZ_07;2022-06-21;Oecetis lacustris;3
KRW_KGZ_07;2022-06-21;Ophidonais serpentina;2
KRW_KGZ_07;2022-06-21;Paratanytarsus tenellulus;2
KRW_KGZ_07;2022-06-21;Phaenopsectra flavipes;1
KRW_KGZ_07;2022-06-21;Physella acuta;34
KRW_KGZ_07;2022-06-21;Piona variabilis;15
KRW_KGZ_07;2022-06-21;Pisidium nitidum;4
KRW_KGZ_07;2022-06-21;Polypedilum sordens;26
KRW_KGZ_07;2022-06-21;Proasellus coxalis;9
KRW_KGZ_07;2022-06-21;Sialis lutaria;5
KRW_KGZ_07;2022-06-21;Sigara falleni;6
KRW_KGZ_07;2022-06-21;Sigara striata;18
KRW_KGZ_07;2022-06-21;Stylaria lacustris;30
KRW_KGZ_07;2022-06-21;Tanypus kraatzi;1
KRW_KGZ_07;2022-06-21;Tanytarsus usmaensis;1
KRW_KGZ_07;2022-06-21;Triaenodes bicolor;1
KRW_KGZ_07;2022-06-21;Unionicola crassipes;1
KRW_KGZ_08;2022-06-21;Acroloxus lacustris;4
KRW_KGZ_08;2022-06-21;Arrenurus latus;2
KRW_KGZ_08;2022-06-21;Chalcolestes viridis;1
KRW_KGZ_08;2022-06-21;Cloeon dipterum;3
KRW_KGZ_08;2022-06-21;Crangonyx pseudogracilis;36
KRW_KGZ_08;2022-06-21;Cybister lateralimarginalis;1
KRW_KGZ_08;2022-06-21;Endochironomus tendens;1
KRW_KGZ_08;2022-06-21;Enochrus coarctatus;1
KRW_KGZ_08;2022-06-21;Ferrissia californica;2
KRW_KGZ_08;2022-06-21;Gammarus pulex;9
KRW_KGZ_08;2022-06-21;Gammarus tigrinus;2
KRW_KGZ_08;2022-06-21;Gerris odontogaster;1
KRW_KGZ_08;2022-06-21;Glyptotendipes paripes;1
KRW_KGZ_08;2022-06-21;Helophorus brevipalpis;1
KRW_KGZ_08;2022-06-21;Ilyocoris cimicoides;3
KRW_KGZ_08;2022-06-21;Ischnura elegans;1
KRW_KGZ_08;2022-06-21;Kiefferulus tendipediformis;1
KRW_KGZ_08;2022-06-21;Limnesia undulata;1
KRW_KGZ_08;2022-06-21;Microvelia reticulata;2
KRW_KGZ_08;2022-06-21;Noterus clavicornis;1
KRW_KGZ_08;2022-06-21;Notonecta glauca;1
KRW_KGZ_08;2022-06-21;Paratanytarsus tenellulus;2
KRW_KGZ_08;2022-06-21;Sialis lutaria;5
KRW_KGZ_08;2022-06-21;Sigara falleni;10
KRW_KGZ_08;2022-06-21;Sigara striata;7
KRW_KGZ_08;2022-06-21;Synendotendipes dispar;1
KRW_KGZ_08;2022-06-21;Tanypus kraatzi;20
KRW_KP_01;2022-05-18;Ablabesmyia longistyla;12
KRW_KP_01;2022-05-18;Agraylea sexmaculata;1
KRW_KP_01;2022-05-18;Alboglossiphonia heteroclita;1
KRW_KP_01;2022-05-18;Athripsodes aterrimus;1
KRW_KP_01;2022-05-18;Athripsodes cinereus;1
KRW_KP_01;2022-05-18;Bithynia tentaculata;16
KRW_KP_01;2022-05-18;Caenis robusta;3
KRW_KP_01;2022-05-18;Clinotanypus nervosus;12
KRW_KP_01;2022-05-18;Dero digitata;1
KRW_KP_01;2022-05-18;Dreissena bugensis;3
KRW_KP_01;2022-05-18;Dreissena polymorpha;8
KRW_KP_01;2022-05-18;Echinogammarus ischnus;1
KRW_KP_01;2022-05-18;Ferrissia californica;2
KRW_KP_01;2022-05-18;Gammarus pulex;2
KRW_KP_01;2022-05-18;Ischnura elegans;4
KRW_KP_01;2022-05-18;Limnodrilus hoffmeisteri;12
KRW_KP_01;2022-05-18;Musculium lacustre;1
KRW_KP_01;2022-05-18;Mystacides longicornis;2
KRW_KP_01;2022-05-18;Oecetis furva;1
KRW_KP_01;2022-05-18;Phaenopsectra flavipes;3
KRW_KP_01;2022-05-18;Physella acuta;5
KRW_KP_01;2022-05-18;Pisidium nitidum;2
KRW_KP_01;2022-05-18;Planorbarius corneus;2
KRW_KP_01;2022-05-18;Polypedilum nubeculosum;40
KRW_KP_01;2022-05-18;Potamopyrgus antipodarum;6
KRW_KP_01;2022-05-18;Potamothrix hammoniensis;2
KRW_KP_01;2022-05-18;Potamothrix heuscheri;2
KRW_KP_01;2022-05-18;Psectrocladius barbimanus;3
KRW_KP_01;2022-05-18;Radix auricularia;2
KRW_KP_01;2022-05-18;Sigara striata;4
KRW_KP_01;2022-05-18;Sphaerium ovale;5
KRW_KP_01;2022-05-18;Stylaria lacustris;3
KRW_KP_01;2022-05-18;Tanytarsus usmaensis;6
KRW_KP_01;2022-05-18;Unionicola crassipes;4
KRW_KP_01;2022-05-18;Valvata cristata;1
KRW_KP_01;2022-05-18;Valvata piscinalis;13
KRW_KP_02;2022-05-18;Ablabesmyia longistyla;5
KRW_KP_02;2022-05-18;Ablabesmyia monilis;3
KRW_KP_02;2022-05-18;Acentria ephemerella;4
KRW_KP_02;2022-05-18;Agraylea multipunctata;3
KRW_KP_02;2022-05-18;Alboglossiphonia heteroclita;1
KRW_KP_02;2022-05-18;Anisus vortex;8
KRW_KP_02;2022-05-18;Bathyomphalus contortus;5
KRW_KP_02;2022-05-18;Bithynia tentaculata;3
KRW_KP_02;2022-05-18;Caenis luctuosa;1
KRW_KP_02;2022-05-18;Caenis robusta;3
KRW_KP_02;2022-05-18;Cercyon bifenestratus;1
KRW_KP_02;2022-05-18;Chaetogaster diaphanus;1
KRW_KP_02;2022-05-18;Dikerogammarus villosus;4
KRW_KP_02;2022-05-18;Dixa nebulosa;1
KRW_KP_02;2022-05-18;Dreissena polymorpha;1
KRW_KP_02;2022-05-18;Erythromma najas;1
KRW_KP_02;2022-05-18;Gyraulus albus;2
KRW_KP_02;2022-05-18;Haliplus flavicollis;6
KRW_KP_02;2022-05-18;Hemiclepsis marginata;1
KRW_KP_02;2022-05-18;Hydrodroma pilosa;1
KRW_KP_02;2022-05-18;Hyphydrus ovatus;1
KRW_KP_02;2022-05-18;Ilyocoris cimicoides;1
KRW_KP_02;2022-05-18;Ischnura elegans;12
KRW_KP_02;2022-05-18;Limnephilus lunatus;1
KRW_KP_02;2022-05-18;Limnesia fulgida;2
KRW_KP_02;2022-05-18;Limnomysis benedeni;1
KRW_KP_02;2022-05-18;Lymnaea stagnalis;9
KRW_KP_02;2022-05-18;Menetus dilatatus;2
KRW_KP_02;2022-05-18;Mesovelia furcata;1
KRW_KP_02;2022-05-18;Nais christinae;17
KRW_KP_02;2022-05-18;Noterus clavicornis;2
KRW_KP_02;2022-05-18;Oecetis furva;1
KRW_KP_02;2022-05-18;Ophidonais serpentina;4
KRW_KP_02;2022-05-18;Peltodytes caesus;8
KRW_KP_02;2022-05-18;Physella acuta;30
KRW_KP_02;2022-05-18;Piona imminuta;1
KRW_KP_02;2022-05-18;Planorbis carinatus;1
KRW_KP_02;2022-05-18;Plea minutissima;8
KRW_KP_02;2022-05-18;Polypedilum nubeculosum;16
KRW_KP_02;2022-05-18;Potamopyrgus antipodarum;3
KRW_KP_02;2022-05-18;Radix auricularia;3
KRW_KP_02;2022-05-18;Sigara striata;17
KRW_KP_02;2022-05-18;Slavina appendiculata;4
KRW_KP_02;2022-05-18;Stylaria lacustris;28
KRW_KP_02;2022-05-18;Valvata piscinalis;8
KRW_KP_03;2022-05-18;Ablabesmyia longistyla;2
KRW_KP_03;2022-05-18;Acentria ephemerella;3
KRW_KP_03;2022-05-18;Acroloxus lacustris;4
KRW_KP_03;2022-05-18;Agraylea sexmaculata;3
KRW_KP_03;2022-05-18;Agrypnia pagetana;1
KRW_KP_03;2022-05-18;Alboglossiphonia hyalina;1
KRW_KP_03;2022-05-18;Anisus vortex;31
KRW_KP_03;2022-05-18;Asellus aquaticus;4
KRW_KP_03;2022-05-18;Bathyomphalus contortus;4
KRW_KP_03;2022-05-18;Bithynia leachi;17
KRW_KP_03;2022-05-18;Bithynia tentaculata;25
KRW_KP_03;2022-05-18;Caenis luctuosa;5
KRW_KP_03;2022-05-18;Caenis robusta;3
KRW_KP_03;2022-05-18;Dreissena polymorpha;1
KRW_KP_03;2022-05-18;Enochrus testaceus;1
KRW_KP_03;2022-05-18;Girardia tigrina;1
KRW_KP_03;2022-05-18;Gyraulus albus;4
KRW_KP_03;2022-05-18;Hemiclepsis marginata;4
KRW_KP_03;2022-05-18;Hippeutis complanatus;4
KRW_KP_03;2022-05-18;Hydroporus palustris;1
KRW_KP_03;2022-05-18;Hydrovatus cuspidatus;3
KRW_KP_03;2022-05-18;Ischnura elegans;4
KRW_KP_03;2022-05-18;Lumbriculus variegatus;1
KRW_KP_03;2022-05-18;Lymnaea stagnalis;6
KRW_KP_03;2022-05-18;Mystacides longicornis;15
KRW_KP_03;2022-05-18;Mystacides niger;1
KRW_KP_03;2022-05-18;Nais christinae;1
KRW_KP_03;2022-05-18;Nepa cinerea;1
KRW_KP_03;2022-05-18;Noterus clavicornis;11
KRW_KP_03;2022-05-18;Noterus crassicornis;8
KRW_KP_03;2022-05-18;Paramerina cingulata;2
KRW_KP_03;2022-05-18;Physella acuta;2
KRW_KP_03;2022-05-18;Piona neumani;1
KRW_KP_03;2022-05-18;Pisidium nitidum;4
KRW_KP_03;2022-05-18;Plea minutissima;2
KRW_KP_03;2022-05-18;Polycelis tenuis;7
KRW_KP_03;2022-05-18;Polypedilum nubeculosum;1
KRW_KP_03;2022-05-18;Potamopyrgus antipodarum;4
KRW_KP_03;2022-05-18;Proasellus coxalis;2
KRW_KP_03;2022-05-18;Segmentina nitida;6
KRW_KP_03;2022-05-18;Sigara striata;5
KRW_KP_03;2022-05-18;Slavina appendiculata;8
KRW_KP_03;2022-05-18;Stylaria lacustris;13
KRW_KP_03;2022-05-18;Valvata cristata;8
KRW_KP_03;2022-05-18;Valvata piscinalis;77
KRW_KP_05;2022-05-18;Acentria ephemerella;1
KRW_KP_05;2022-05-18;Agrypnia pagetana;3
KRW_KP_05;2022-05-18;Bithynia leachi;44
KRW_KP_05;2022-05-18;Bithynia tentaculata;167
KRW_KP_05;2022-05-18;Caenis horaria;1
KRW_KP_05;2022-05-18;Caenis robusta;9
KRW_KP_05;2022-05-18;Chaetogaster diaphanus;1
KRW_KP_05;2022-05-18;Chironomus nuditarsis;3
KRW_KP_05;2022-05-18;Clinotanypus nervosus;1
KRW_KP_05;2022-05-18;Dendrocoelum lacteum;1
KRW_KP_05;2022-05-18;Dikerogammarus haemobaphes;1
KRW_KP_05;2022-05-18;Dreissena polymorpha;4
KRW_KP_05;2022-05-18;Echinogammarus ischnus;1
KRW_KP_05;2022-05-18;Ecnomus tenellus;1
KRW_KP_05;2022-05-18;Erythromma viridulum;6
KRW_KP_05;2022-05-18;Gyraulus albus;48
KRW_KP_05;2022-05-18;Gyraulus crista;4
KRW_KP_05;2022-05-18;Hippeutis complanatus;13
KRW_KP_05;2022-05-18;Hydrachna globosa;1
KRW_KP_05;2022-05-18;Hydrodroma pilosa;3
KRW_KP_05;2022-05-18;Ischnura elegans;36
KRW_KP_05;2022-05-18;Leptocerus tineiformis;22
KRW_KP_05;2022-05-18;Lymnaea stagnalis;20
KRW_KP_05;2022-05-18;Mesovelia furcata;1
KRW_KP_05;2022-05-18;Mystacides longicornis;15
KRW_KP_05;2022-05-18;Mystacides niger;6
KRW_KP_05;2022-05-18;Nais christinae;1
KRW_KP_05;2022-05-18;Oecetis furva;5
KRW_KP_05;2022-05-18;Paratanytarsus tenellulus;1
KRW_KP_05;2022-05-18;Phaenopsectra flavipes;3
KRW_KP_05;2022-05-18;Physa fontinalis;4
KRW_KP_05;2022-05-18;Physella acuta;4
KRW_KP_05;2022-05-18;Planorbarius corneus;9
KRW_KP_05;2022-05-18;Plea minutissima;2
KRW_KP_05;2022-05-18;Polypedilum nubeculosum;9
KRW_KP_05;2022-05-18;Potamopyrgus antipodarum;9
KRW_KP_05;2022-05-18;Potamothrix hammoniensis;2
KRW_KP_05;2022-05-18;Radix auricularia;22
KRW_KP_05;2022-05-18;Sigara striata;1
KRW_KP_05;2022-05-18;Valvata cristata;9
KRW_KP_05;2022-05-18;Valvata piscinalis;26
KRW_KP_05;2022-05-18;Zavreliella marmorata;2
KRW_NGM_01;2022-06-09;Acricotopus lucens;6
KRW_NGM_01;2022-06-09;Acroloxus lacustris;1
KRW_NGM_01;2022-06-09;Asellus aquaticus;30
KRW_NGM_01;2022-06-09;Chaoborus flavicans;2
KRW_NGM_01;2022-06-09;Cymatia coleoptrata;1
KRW_NGM_01;2022-06-09;Dero digitata;4
KRW_NGM_01;2022-06-09;Dero dorsalis;4
KRW_NGM_01;2022-06-09;Endochironomus tendens;5
KRW_NGM_01;2022-06-09;Erpobdella octoculata;1
KRW_NGM_01;2022-06-09;Ferrissia californica;2
KRW_NGM_01;2022-06-09;Gyraulus crista;4
KRW_NGM_01;2022-06-09;Helophorus brevipalpis;3
KRW_NGM_01;2022-06-09;Hesperocorixa linnaei;1
KRW_NGM_01;2022-06-09;Hippeutis complanatus;2
KRW_NGM_01;2022-06-09;Holocentropus picicornis;2
KRW_NGM_01;2022-06-09;Ilyocoris cimicoides;1
KRW_NGM_01;2022-06-09;Lumbriculus variegatus;4
KRW_NGM_01;2022-06-09;Paratanytarsus tenellulus;3
KRW_NGM_01;2022-06-09;Physella acuta;10
KRW_NGM_01;2022-06-09;Piona nodata;2
KRW_NGM_01;2022-06-09;Piona variabilis;2
KRW_NGM_01;2022-06-09;Pisidium nitidum;11
KRW_NGM_01;2022-06-09;Plea minutissima;1
KRW_NGM_01;2022-06-09;Polypedilum cultellatum;3
KRW_NGM_01;2022-06-09;Proasellus coxalis;30
KRW_NGM_01;2022-06-09;Quistadrilus multisetosus;4
KRW_NGM_01;2022-06-09;Sigara striata;11
KRW_NGM_01;2022-06-09;Stylaria lacustris;204
KRW_NGM_01;2022-06-09;Synendotendipes dispar;8
KRW_NGM_01;2022-06-09;Tanypus kraatzi;2
KRW_NGM_01;2022-06-09;Tricholeiochiton fagesii;6
KRW_NGM_02;2022-06-09;Acricotopus lucens;1
KRW_NGM_02;2022-06-09;Anisus vortex;1
KRW_NGM_02;2022-06-09;Arrenurus globator;1
KRW_NGM_02;2022-06-09;Arrenurus latus;4
KRW_NGM_02;2022-06-09;Arrenurus sinuator;1
KRW_NGM_02;2022-06-09;Asellus aquaticus;18
KRW_NGM_02;2022-06-09;Caenis robusta;32
KRW_NGM_02;2022-06-09;Clinotanypus nervosus;4
KRW_NGM_02;2022-06-09;Cloeon dipterum;2
KRW_NGM_02;2022-06-09;Corixa punctata;2
KRW_NGM_02;2022-06-09;Cymatia coleoptrata;20
KRW_NGM_02;2022-06-09;Dero dorsalis;2
KRW_NGM_02;2022-06-09;Dicrotendipes nervosus;1
KRW_NGM_02;2022-06-09;Endochironomus tendens;17
KRW_NGM_02;2022-06-09;Glyptotendipes glaucus;1
KRW_NGM_02;2022-06-09;Glyptotendipes scirpi;1
KRW_NGM_02;2022-06-09;Gyraulus crista;1
KRW_NGM_02;2022-06-09;Hippeutis complanatus;6
KRW_NGM_02;2022-06-09;Holocentropus picicornis;12
KRW_NGM_02;2022-06-09;Ilyocoris cimicoides;3
KRW_NGM_02;2022-06-09;Ischnura elegans;2
KRW_NGM_02;2022-06-09;Limnomysis benedeni;10
KRW_NGM_02;2022-06-09;Lumbriculus variegatus;3
KRW_NGM_02;2022-06-09;Monopelopia tenuicalcar;2
KRW_NGM_02;2022-06-09;Physella acuta;13
KRW_NGM_02;2022-06-09;Piona nodata;1
KRW_NGM_02;2022-06-09;Pisidium obtusale;1
KRW_NGM_02;2022-06-09;Pisidium subtruncatum;1
KRW_NGM_02;2022-06-09;Plea minutissima;6
KRW_NGM_02;2022-06-09;Polypedilum nubeculosum;16
KRW_NGM_02;2022-06-09;Polypedilum sordens;1
KRW_NGM_02;2022-06-09;Quistadrilus multisetosus;2
KRW_NGM_02;2022-06-09;Sialis lutaria;2
KRW_NGM_02;2022-06-09;Sigara falleni;2
KRW_NGM_02;2022-06-09;Sigara semistriata;2
KRW_NGM_02;2022-06-09;Sigara striata;45
KRW_NGM_02;2022-06-09;Stylaria lacustris;20
KRW_NGM_02;2022-06-09;Tanytarsus usmaensis;1
KRW_NGM_02;2022-06-09;Triaenodes bicolor;5
KRW_NGM_02;2022-06-09;Valvata cristata;2
KRW_NGM_03;2022-06-09;Ablabesmyia longistyla;16
KRW_NGM_03;2022-06-09;Acroloxus lacustris;27
KRW_NGM_03;2022-06-09;Alboglossiphonia hyalina;1
KRW_NGM_03;2022-06-09;Arrenurus latus;1
KRW_NGM_03;2022-06-09;Asellus aquaticus;1
KRW_NGM_03;2022-06-09;Caenis robusta;41
KRW_NGM_03;2022-06-09;Chaoborus flavicans;213
KRW_NGM_03;2022-06-09;Cloeon dipterum;18
KRW_NGM_03;2022-06-09;Corixa punctata;3
KRW_NGM_03;2022-06-09;Cybister lateralimarginalis;1
KRW_NGM_03;2022-06-09;Cymatia coleoptrata;26
KRW_NGM_03;2022-06-09;Endochironomus tendens;9
KRW_NGM_03;2022-06-09;Ferrissia californica;25
KRW_NGM_03;2022-06-09;Gyraulus crista;2
KRW_NGM_03;2022-06-09;Helophorus brevipalpis;1
KRW_NGM_03;2022-06-09;Holocentropus picicornis;2
KRW_NGM_03;2022-06-09;Ilyocoris cimicoides;8
KRW_NGM_03;2022-06-09;Ischnura elegans;7
KRW_NGM_03;2022-06-09;Microvelia reticulata;2
KRW_NGM_03;2022-06-09;Noterus clavicornis;1
KRW_NGM_03;2022-06-09;Ophidonais serpentina;3
KRW_NGM_03;2022-06-09;Physella acuta;3
KRW_NGM_03;2022-06-09;Piona imminuta;1
KRW_NGM_03;2022-06-09;Plea minutissima;2
KRW_NGM_03;2022-06-09;Polypedilum nubeculosum;2
KRW_NGM_03;2022-06-09;Polypedilum sordens;18
KRW_NGM_03;2022-06-09;Proasellus coxalis;40
KRW_NGM_03;2022-06-09;Quistadrilus multisetosus;1
KRW_NGM_03;2022-06-09;Sialis lutaria;1
KRW_NGM_03;2022-06-09;Sigara falleni;3
KRW_NGM_03;2022-06-09;Sigara semistriata;2
KRW_NGM_03;2022-06-09;Sigara striata;46
KRW_NGM_03;2022-06-09;Stylaria lacustris;63
KRW_NGM_03;2022-06-09;Synendotendipes dispar;16
KRW_NGM_03;2022-06-09;Valvata cristata;1
KRW_NGM_04;2022-06-09;Ablabesmyia longistyla;1
KRW_NGM_04;2022-06-09;Acricotopus lucens;1
KRW_NGM_04;2022-06-09;Acroloxus lacustris;2
KRW_NGM_04;2022-06-09;Argyroneta aquatica;1
KRW_NGM_04;2022-06-09;Asellus aquaticus;6
KRW_NGM_04;2022-06-09;Caenis robusta;2
KRW_NGM_04;2022-06-09;Chaoborus flavicans;1
KRW_NGM_04;2022-06-09;Chelicorophium curvispinum;1
KRW_NGM_04;2022-06-09;Clinotanypus nervosus;3
KRW_NGM_04;2022-06-09;Cloeon dipterum;8
KRW_NGM_04;2022-06-09;Cymatia coleoptrata;10
KRW_NGM_04;2022-06-09;Endochironomus tendens;3
KRW_NGM_04;2022-06-09;Gammarus pulex;34
KRW_NGM_04;2022-06-09;Gammarus tigrinus;13
KRW_NGM_04;2022-06-09;Gyraulus crista;1
KRW_NGM_04;2022-06-09;Ischnura elegans;2
KRW_NGM_04;2022-06-09;Limnomysis benedeni;6
KRW_NGM_04;2022-06-09;Limnoxenus niger;1
KRW_NGM_04;2022-06-09;Lumbriculus variegatus;1
KRW_NGM_04;2022-06-09;Physella acuta;18
KRW_NGM_04;2022-06-09;Piona nodata;14
KRW_NGM_04;2022-06-09;Piona variabilis;9
KRW_NGM_04;2022-06-09;Plea minutissima;1
KRW_NGM_04;2022-06-09;Polypedilum nubeculosum;1
KRW_NGM_04;2022-06-09;Polypedilum sordens;1
KRW_NGM_04;2022-06-09;Sialis lutaria;1
KRW_NGM_04;2022-06-09;Sigara falleni;8
KRW_NGM_04;2022-06-09;Sigara striata;28
KRW_NGM_04;2022-06-09;Stylaria lacustris;29
KRW_NGM_04;2022-06-09;Tanypus kraatzi;1
KRW_NGM_05;2022-06-09;Acroloxus lacustris;21
KRW_NGM_05;2022-06-09;Argulus foliaceus;3
KRW_NGM_05;2022-06-09;Argyroneta aquatica;1
KRW_NGM_05;2022-06-09;Arrenurus latus;3
KRW_NGM_05;2022-06-09;Asellus aquaticus;10
KRW_NGM_05;2022-06-09;Caenis robusta;2
KRW_NGM_05;2022-06-09;Chelicorophium curvispinum;1
KRW_NGM_05;2022-06-09;Cloeon dipterum;1
KRW_NGM_05;2022-06-09;Cymatia coleoptrata;13
KRW_NGM_05;2022-06-09;Dixella aestivalis;2
KRW_NGM_05;2022-06-09;Endochironomus tendens;3
KRW_NGM_05;2022-06-09;Ferrissia californica;7
KRW_NGM_05;2022-06-09;Helophorus brevipalpis;1
KRW_NGM_05;2022-06-09;Ilyocoris cimicoides;1
KRW_NGM_05;2022-06-09;Ischnura elegans;1
KRW_NGM_05;2022-06-09;Limnodrilus hoffmeisteri;5
KRW_NGM_05;2022-06-09;Limnoxenus niger;2
KRW_NGM_05;2022-06-09;Physella acuta;38
KRW_NGM_05;2022-06-09;Piona nodata;41
KRW_NGM_05;2022-06-09;Piona variabilis;1
KRW_NGM_05;2022-06-09;Pisidium pseudosphaerium;1
KRW_NGM_05;2022-06-09;Plea minutissima;1
KRW_NGM_05;2022-06-09;Psectrotanypus varius;1
KRW_NGM_05;2022-06-09;Sialis lutaria;4
KRW_NGM_05;2022-06-09;Sigara falleni;7
KRW_NGM_05;2022-06-09;Sigara striata;8
KRW_NGM_05;2022-06-09;Stylaria lacustris;3
KRW_NGM_05;2022-06-09;Synendotendipes dispar;1
KRW_NGM_05;2022-06-09;Tanypus kraatzi;9
KRW_NGM_06;2022-06-09;Acricotopus lucens;12
KRW_NGM_06;2022-06-09;Agraylea sexmaculata;1
KRW_NGM_06;2022-06-09;Anatopynia plumipes;1
KRW_NGM_06;2022-06-09;Anisus vorticulus;2
KRW_NGM_06;2022-06-09;Arrenurus globator;11
KRW_NGM_06;2022-06-09;Arrenurus latus;1
KRW_NGM_06;2022-06-09;Arrenurus sinuator;1
KRW_NGM_06;2022-06-09;Asellus aquaticus;21
KRW_NGM_06;2022-06-09;Caenis robusta;1
KRW_NGM_06;2022-06-09;Cymatia coleoptrata;5
KRW_NGM_06;2022-06-09;Endochironomus tendens;1
KRW_NGM_06;2022-06-09;Helophorus aequalis;1
KRW_NGM_06;2022-06-09;Helophorus brevipalpis;6
KRW_NGM_06;2022-06-09;Holocentropus picicornis;1
KRW_NGM_06;2022-06-09;Hydrovatus cuspidatus;4
KRW_NGM_06;2022-06-09;Ilyocoris cimicoides;1
KRW_NGM_06;2022-06-09;Ischnura elegans;1
KRW_NGM_06;2022-06-09;Limnodrilus hoffmeisteri;1
KRW_NGM_06;2022-06-09;Lumbriculus variegatus;1
KRW_NGM_06;2022-06-09;Neumania deltoides;1
KRW_NGM_06;2022-06-09;Noterus crassicornis;2
KRW_NGM_06;2022-06-09;Physella acuta;69
KRW_NGM_06;2022-06-09;Piona nodata;1
KRW_NGM_06;2022-06-09;Piona variabilis;2
KRW_NGM_06;2022-06-09;Pisidium nitidum;1
KRW_NGM_06;2022-06-09;Plea minutissima;2
KRW_NGM_06;2022-06-09;Psectrocladius obvius;2
KRW_NGM_06;2022-06-09;Sigara falleni;10
KRW_NGM_06;2022-06-09;Sigara striata;32
KRW_NGM_06;2022-06-09;Stylaria lacustris;30
KRW_NGM_06;2022-06-09;Tanypus kraatzi;24
KRW_PPA_01;2022-05-02;Acroloxus lacustris;1
KRW_PPA_01;2022-05-02;Alboglossiphonia heteroclita;18
KRW_PPA_01;2022-05-02;Anisus vortex;1
KRW_PPA_01;2022-05-02;Asellus aquaticus;113
KRW_PPA_01;2022-05-02;Bathyomphalus contortus;9
KRW_PPA_01;2022-05-02;Bithynia leachi;19
KRW_PPA_01;2022-05-02;Bithynia tentaculata;11
KRW_PPA_01;2022-05-02;Cloeon dipterum;4
KRW_PPA_01;2022-05-02;Cymatia coleoptrata;4
KRW_PPA_01;2022-05-02;Glyptotendipes paripes;3
KRW_PPA_01;2022-05-02;Helobdella stagnalis;13
KRW_PPA_01;2022-05-02;Helophorus minutus;1
KRW_PPA_01;2022-05-02;Hippeutis complanatus;1
KRW_PPA_01;2022-05-02;Hydroporus palustris;3
KRW_PPA_01;2022-05-02;Hygrotus decoratus;5
KRW_PPA_01;2022-05-02;Limnodrilus hoffmeisteri;21
KRW_PPA_01;2022-05-02;Limnoxenus niger;2
KRW_PPA_01;2022-05-02;Musculium lacustre;18
KRW_PPA_01;2022-05-02;Noterus clavicornis;2
KRW_PPA_01;2022-05-02;Noterus crassicornis;6
KRW_PPA_01;2022-05-02;Paratanytarsus tenellulus;3
KRW_PPA_01;2022-05-02;Phaenopsectra flavipes;3
KRW_PPA_01;2022-05-02;Physella acuta;2
KRW_PPA_01;2022-05-02;Piona alpicola;10
KRW_PPA_01;2022-05-02;Piona conglobata;1
KRW_PPA_01;2022-05-02;Piona imminuta;2
KRW_PPA_01;2022-05-02;Piona neumani;5
KRW_PPA_01;2022-05-02;Piona nodata;11
KRW_PPA_01;2022-05-02;Piona variabilis;6
KRW_PPA_01;2022-05-02;Pisidium milium;48
KRW_PPA_01;2022-05-02;Pisidium nitidum;5
KRW_PPA_01;2022-05-02;Pisidium subtruncatum;6
KRW_PPA_01;2022-05-02;Potamothrix hammoniensis;2
KRW_PPA_01;2022-05-02;Proasellus coxalis;28
KRW_PPA_01;2022-05-02;Ptychoptera contaminata;8
KRW_PPA_01;2022-05-02;Quistadrilus multisetosus;8
KRW_PPA_01;2022-05-02;Sigara falleni;4
KRW_PPA_01;2022-05-02;Sigara lateralis;1
KRW_PPA_01;2022-05-02;Sigara striata;23
KRW_PPA_01;2022-05-02;Stylaria lacustris;198
KRW_PPA_01;2022-05-02;Tanypus kraatzi;85
KRW_PPA_01;2022-05-02;Tiphys ornatus;8
KRW_PPA_01;2022-05-02;Tubifex tubifex;4
KRW_PPA_01;2022-05-02;Valvata cristata;26
KRW_PPA_01;2022-05-02;Valvata piscinalis;20
KRW_PPA_03;2022-05-02;Acroloxus lacustris;23
KRW_PPA_03;2022-05-02;Alboglossiphonia heteroclita;45
KRW_PPA_03;2022-05-02;Alboglossiphonia hyalina;13
KRW_PPA_03;2022-05-02;Anacaena limbata;2
KRW_PPA_03;2022-05-02;Anisus vortex;2
KRW_PPA_03;2022-05-02;Arrenurus globator;3
KRW_PPA_03;2022-05-02;Arrenurus latus;8
KRW_PPA_03;2022-05-02;Asellus aquaticus;176
KRW_PPA_03;2022-05-02;Bathyomphalus contortus;10
KRW_PPA_03;2022-05-02;Bithynia leachi;72
KRW_PPA_03;2022-05-02;Bithynia tentaculata;10
KRW_PPA_03;2022-05-02;Cloeon dipterum;29
KRW_PPA_03;2022-05-02;Culiseta annulata;3
KRW_PPA_03;2022-05-02;Cybister lateralimarginalis;1
KRW_PPA_03;2022-05-02;Dicrotendipes nervosus;2
KRW_PPA_03;2022-05-02;Gammarus pulex;1
KRW_PPA_03;2022-05-02;Gerris argentatus;1
KRW_PPA_03;2022-05-02;Glossiphonia complanata;1
KRW_PPA_03;2022-05-02;Glyptotendipes paripes;6
KRW_PPA_03;2022-05-02;Graphoderus cinereus;1
KRW_PPA_03;2022-05-02;Guttipelopia guttipennis;2
KRW_PPA_03;2022-05-02;Gyraulus albus;4
KRW_PPA_03;2022-05-02;Gyraulus crista;4
KRW_PPA_03;2022-05-02;Helobdella stagnalis;30
KRW_PPA_03;2022-05-02;Hippeutis complanatus;29
KRW_PPA_03;2022-05-02;Hydroporus palustris;4
KRW_PPA_03;2022-05-02;Hydrovatus cuspidatus;8
KRW_PPA_03;2022-05-02;Hyphydrus ovatus;6
KRW_PPA_03;2022-05-02;Limnephilus decipiens;2
KRW_PPA_03;2022-05-02;Limnephilus flavicornis;2
KRW_PPA_03;2022-05-02;Limnephilus lunatus;4
KRW_PPA_03;2022-05-02;Limnodrilus hoffmeisteri;9
KRW_PPA_03;2022-05-02;Limnoxenus niger;1
KRW_PPA_03;2022-05-02;Lumbriculus variegatus;6
KRW_PPA_03;2022-05-02;Musculium lacustre;3
KRW_PPA_03;2022-05-02;Neomysis integer;1
KRW_PPA_03;2022-05-02;Neumania deltoides;11
KRW_PPA_03;2022-05-02;Noterus clavicornis;4
KRW_PPA_03;2022-05-02;Noterus crassicornis;7
KRW_PPA_03;2022-05-02;Odontomyia tigrina;1
KRW_PPA_03;2022-05-02;Parachironomus gracilior;2
KRW_PPA_03;2022-05-02;Physella acuta;2
KRW_PPA_03;2022-05-02;Piona alpicola;22
KRW_PPA_03;2022-05-02;Piona coccinea;28
KRW_PPA_03;2022-05-02;Piona conglobata;3
KRW_PPA_03;2022-05-02;Piona imminuta;110
KRW_PPA_03;2022-05-02;Piona neumani;45
KRW_PPA_03;2022-05-02;Piona variabilis;6
KRW_PPA_03;2022-05-02;Planorbarius corneus;2
KRW_PPA_03;2022-05-02;Proasellus coxalis;60
KRW_PPA_03;2022-05-02;Psammoryctides barbatus;9
KRW_PPA_03;2022-05-02;Psectrotanypus varius;2
KRW_PPA_03;2022-05-02;Quistadrilus multisetosus;4
KRW_PPA_03;2022-05-02;Sigara striata;30
KRW_PPA_03;2022-05-02;Spercheus emarginatus;2
KRW_PPA_03;2022-05-02;Stylaria lacustris;317
KRW_PPA_03;2022-05-02;Synendotendipes dispar;2
KRW_PPA_03;2022-05-02;Tanypus kraatzi;2
KRW_PPA_03;2022-05-02;Theromyzon tessulatum;1
KRW_PPA_03;2022-05-02;Unionicola crassipes;6
KRW_PPA_03;2022-05-02;Valvata cristata;13
KRW_PPA_03;2022-05-02;Valvata piscinalis;29
KRW_PPA_04;2022-05-02;Acroloxus lacustris;6
KRW_PPA_04;2022-05-02;Alboglossiphonia heteroclita;51
KRW_PPA_04;2022-05-02;Alboglossiphonia hyalina;6
KRW_PPA_04;2022-05-02;Arrenurus crassicaudatus;3
KRW_PPA_04;2022-05-02;Asellus aquaticus;153
KRW_PPA_04;2022-05-02;Bithynia leachi;5
KRW_PPA_04;2022-05-02;Bithynia tentaculata;6
KRW_PPA_04;2022-05-02;Cloeon dipterum;172
KRW_PPA_04;2022-05-02;Erpobdella octoculata;3
KRW_PPA_04;2022-05-02;Glossiphonia complanata;15
KRW_PPA_04;2022-05-02;Glossiphonia concolor;3
KRW_PPA_04;2022-05-02;Glyptotendipes paripes;4
KRW_PPA_04;2022-05-02;Gyraulus albus;6
KRW_PPA_04;2022-05-02;Helobdella stagnalis;69
KRW_PPA_04;2022-05-02;Hemiclepsis marginata;3
KRW_PPA_04;2022-05-02;Hippeutis complanatus;24
KRW_PPA_04;2022-05-02;Hydroporus palustris;1
KRW_PPA_04;2022-05-02;Hydrovatus cuspidatus;1
KRW_PPA_04;2022-05-02;Hygrotus inaequalis;1
KRW_PPA_04;2022-05-02;Hyphydrus ovatus;8
KRW_PPA_04;2022-05-02;Ilyocoris cimicoides;2
KRW_PPA_04;2022-05-02;Limnephilus decipiens;3
KRW_PPA_04;2022-05-02;Limnephilus lunatus;4
KRW_PPA_04;2022-05-02;Musculium lacustre;2
KRW_PPA_04;2022-05-02;Noterus clavicornis;1
KRW_PPA_04;2022-05-02;Parachironomus gracilior;2
KRW_PPA_04;2022-05-02;Piona alpicola;14
KRW_PPA_04;2022-05-02;Piona coccinea;11
KRW_PPA_04;2022-05-02;Piona imminuta;177
KRW_PPA_04;2022-05-02;Piona neumani;14
KRW_PPA_04;2022-05-02;Piona nodata;9
KRW_PPA_04;2022-05-02;Piona variabilis;17
KRW_PPA_04;2022-05-02;Planorbarius corneus;2
KRW_PPA_04;2022-05-02;Potamothrix hammoniensis;10
KRW_PPA_04;2022-05-02;Potamothrix heuscheri;5
KRW_PPA_04;2022-05-02;Proasellus coxalis;13
KRW_PPA_04;2022-05-02;Psectrotanypus varius;2
KRW_PPA_04;2022-05-02;Quistadrilus multisetosus;10
KRW_PPA_04;2022-05-02;Rhynchelmis tetratheca;5
KRW_PPA_04;2022-05-02;Sigara falleni;10
KRW_PPA_04;2022-05-02;Sigara lateralis;1
KRW_PPA_04;2022-05-02;Sigara striata;26
KRW_PPA_04;2022-05-02;Stylaria lacustris;517
KRW_PPA_04;2022-05-02;Tanypus kraatzi;2
KRW_PPA_04;2022-05-02;Theromyzon tessulatum;6
KRW_PPA_04;2022-05-02;Tiphys ornatus;6
KRW_PPA_04;2022-05-02;Tubifex tubifex;5
KRW_PPA_04;2022-05-02;Valvata cristata;20
KRW_PPA_04;2022-05-02;Valvata piscinalis;37
KRW_PPA_04;2022-05-02;Viviparus viviparus;2
S_0656;2022-05-02;Ablabesmyia phatta;3
S_0656;2022-05-02;Acroloxus lacustris;8
S_0656;2022-05-02;Agraylea sexmaculata;1
S_0656;2022-05-02;Anisus vortex;8
S_0656;2022-05-02;Anisus vorticulus;3
S_0656;2022-05-02;Arrenurus crassicaudatus;7
S_0656;2022-05-02;Arrenurus cuspidator;2
S_0656;2022-05-02;Arrenurus globator;49
S_0656;2022-05-02;Arrenurus latus;27
S_0656;2022-05-02;Arrenurus sinuator;17
S_0656;2022-05-02;Asellus aquaticus;15
S_0656;2022-05-02;Bithynia leachi;141
S_0656;2022-05-02;Caenis robusta;15
S_0656;2022-05-02;Ceraclea senilis;3
S_0656;2022-05-02;Chironomus nuditarsis;2
S_0656;2022-05-02;Clinotanypus nervosus;20
S_0656;2022-05-02;Cloeon dipterum;125
S_0656;2022-05-02;Dendrocoelum lacteum;1
S_0656;2022-05-02;Dero obtusa;1
S_0656;2022-05-02;Endochironomus tendens;8
S_0656;2022-05-02;Erpobdella octoculata;3
S_0656;2022-05-02;Gammarus tigrinus;25
S_0656;2022-05-02;Gyraulus albus;5
S_0656;2022-05-02;Haliplus heydeni;1
S_0656;2022-05-02;Helophorus brevipalpis;1
S_0656;2022-05-02;Hippeutis complanatus;34
S_0656;2022-05-02;Holocentropus picicornis;4
S_0656;2022-05-02;Hydrochoreutes krameri;2
S_0656;2022-05-02;Hydrovatus cuspidatus;3
S_0656;2022-05-02;Hygrobia hermanni;2
S_0656;2022-05-02;Hygrotus versicolor;1
S_0656;2022-05-02;Hyphydrus ovatus;1
S_0656;2022-05-02;Ilyocoris cimicoides;12
S_0656;2022-05-02;Ilyodrilus templetoni;1
S_0656;2022-05-02;Ischnura elegans;1
S_0656;2022-05-02;Laccophilus minutus;4
S_0656;2022-05-02;Limnesia undulata;7
S_0656;2022-05-02;Limnodrilus hoffmeisteri;2
S_0656;2022-05-02;Limnomysis benedeni;11
S_0656;2022-05-02;Micronecta scholtzi;4
S_0656;2022-05-02;Musculium lacustre;26
S_0656;2022-05-02;Nais christinae;1
S_0656;2022-05-02;Noterus clavicornis;9
S_0656;2022-05-02;Noterus crassicornis;1
S_0656;2022-05-02;Oecetis furva;2
S_0656;2022-05-02;Oecetis lacustris;1
S_0656;2022-05-02;Peltodytes caesus;4
S_0656;2022-05-02;Physella acuta;3
S_0656;2022-05-02;Piona coccinea;17
S_0656;2022-05-02;Piona conglobata;15
S_0656;2022-05-02;Piona neumani;2
S_0656;2022-05-02;Piona nodata;12
S_0656;2022-05-02;Piona pusilla;12
S_0656;2022-05-02;Piona variabilis;22
S_0656;2022-05-02;Pionopsis lutescens;22
S_0656;2022-05-02;Pisidium milium;3
S_0656;2022-05-02;Pisidium nitidum;13
S_0656;2022-05-02;Pisidium subtruncatum;8
S_0656;2022-05-02;Plea minutissima;51
S_0656;2022-05-02;Polycelis tenuis;1
S_0656;2022-05-02;Proasellus coxalis;5
S_0656;2022-05-02;Psammoryctides barbatus;1
S_0656;2022-05-02;Quistadrilus multisetosus;10
S_0656;2022-05-02;Sigara striata;116
S_0656;2022-05-02;Stylaria lacustris;35
S_0656;2022-05-02;Tanypus kraatzi;39
S_0656;2022-05-02;Tanypus punctipennis;2
S_0656;2022-05-02;Tanytarsus usmaensis;2
S_0656;2022-05-02;Tiphys ornatus;10
S_0656;2022-05-02;Triaenodes bicolor;12
S_0656;2022-05-02;Tubifex tubifex;1
S_0656;2022-05-02;Valvata cristata;39
S_0656;2022-05-02;Valvata piscinalis;29
S_0674;2022-05-02;Anisus vortex;7
S_0674;2022-05-02;Arrenurus claviger;7
S_0674;2022-05-02;Arrenurus cuspidator;6
S_0674;2022-05-02;Arrenurus globator;12
S_0674;2022-05-02;Arrenurus latus;1
S_0674;2022-05-02;Arrenurus securiformis;1
S_0674;2022-05-02;Asellus aquaticus;32
S_0674;2022-05-02;Athripsodes aterrimus;1
S_0674;2022-05-02;Bithynia tentaculata;7
S_0674;2022-05-02;Caenis horaria;5
S_0674;2022-05-02;Clinotanypus nervosus;1
S_0674;2022-05-02;Cymatia coleoptrata;6
S_0674;2022-05-02;Endochironomus tendens;5
S_0674;2022-05-02;Glyptotendipes cauliginellus;1
S_0674;2022-05-02;Glyptotendipes scirpi;1
S_0674;2022-05-02;Graptodytes pictus;4
S_0674;2022-05-02;Guttipelopia guttipennis;2
S_0674;2022-05-02;Gyraulus albus;34
S_0674;2022-05-02;Haliplus ruficollis;1
S_0674;2022-05-02;Helophorus grandis;1
S_0674;2022-05-02;Hippeutis complanatus;1
S_0674;2022-05-02;Hydrodroma pilosa;1
S_0674;2022-05-02;Hyphydrus ovatus;1
S_0674;2022-05-02;Ilyocoris cimicoides;1
S_0674;2022-05-02;Ilyodrilus templetoni;2
S_0674;2022-05-02;Ischnura elegans;3
S_0674;2022-05-02;Laccophilus minutus;1
S_0674;2022-05-02;Limnephilus lunatus;1
S_0674;2022-05-02;Limnesia fulgida;4
S_0674;2022-05-02;Musculium lacustre;11
S_0674;2022-05-02;Neumania vernalis;1
S_0674;2022-05-02;Noterus crassicornis;7
S_0674;2022-05-02;Notonecta glauca;1
S_0674;2022-05-02;Paramerina cingulata;3
S_0674;2022-05-02;Phaenopsectra flavipes;4
S_0674;2022-05-02;Pisidium milium;11
S_0674;2022-05-02;Pisidium nitidum;18
S_0674;2022-05-02;Pisidium subtruncatum;12
S_0674;2022-05-02;Plea minutissima;5
S_0674;2022-05-02;Polypedilum arundineti;1
S_0674;2022-05-02;Polypedilum cultellatum;4
S_0674;2022-05-02;Potamothrix bedoti;1
S_0674;2022-05-02;Psectrotanypus varius;8
S_0674;2022-05-02;Sialis lutaria;5
S_0674;2022-05-02;Sigara striata;3
S_0674;2022-05-02;Stylaria lacustris;1
S_0674;2022-05-02;Theromyzon tessulatum;1
S_0674;2022-05-02;Triaenodes bicolor;60
